occupancy,time
58,2015-11-01 00:00:00
58,2015-11-01 01:00:00
58,2015-11-01 02:00:00
48,2015-11-01 03:00:00
78,2015-11-01 04:00:00
276,2015-11-01 05:00:00
677,2015-11-01 06:00:00
1085,2015-11-01 07:00:00
2040,2015-11-01 08:00:00
2111,2015-11-01 09:00:00
2132,2015-11-01 10:00:00
2134,2015-11-01 11:00:00
2074,2015-11-01 12:00:00
2077,2015-11-01 13:00:00
2090,2015-11-01 14:00:00
1933,2015-11-01 15:00:00
1440,2015-11-01 16:00:00
849,2015-11-01 17:00:00
545,2015-11-01 18:00:00
260,2015-11-01 19:00:00
129,2015-11-01 20:00:00
112,2015-11-01 21:00:00
100,2015-11-01 22:00:00
67,2015-11-01 23:00:00
75,2015-11-02 00:00:00
75,2015-11-02 01:00:00
73,2015-11-02 02:00:00
49,2015-11-02 03:00:00
63,2015-11-02 04:00:00
213,2015-11-02 05:00:00
464,2015-11-02 06:00:00
1129,2015-11-02 07:00:00
1312,2015-11-02 08:00:00
1370,2015-11-02 09:00:00
1411,2015-11-02 10:00:00
1397,2015-11-02 11:00:00
1292,2015-11-02 12:00:00
1205,2015-11-02 13:00:00
1140,2015-11-02 14:00:00
930,2015-11-02 15:00:00
837,2015-11-02 16:00:00
618,2015-11-02 17:00:00
352,2015-11-02 18:00:00
180,2015-11-02 19:00:00
98,2015-11-02 20:00:00
88,2015-11-02 21:00:00
71,2015-11-02 22:00:00
58,2015-11-02 23:00:00
57,2015-11-03 00:00:00
53,2015-11-03 01:00:00
54,2015-11-03 02:00:00
47,2015-11-03 03:00:00
52,2015-11-03 04:00:00
106,2015-11-03 05:00:00
322,2015-11-03 06:00:00
596,2015-11-03 07:00:00
717,2015-11-03 08:00:00
577,2015-11-03 09:00:00
592,2015-11-03 10:00:00
589,2015-11-03 11:00:00
577,2015-11-03 12:00:00
581,2015-11-03 13:00:00
586,2015-11-03 14:00:00
1058,2015-11-03 15:00:00
1589,2015-11-03 16:00:00
689,2015-11-03 17:00:00
290,2015-11-03 18:00:00
115,2015-11-03 19:00:00
96,2015-11-03 20:00:00
68,2015-11-03 21:00:00
60,2015-11-03 22:00:00
55,2015-11-03 23:00:00
52,2015-11-04 00:00:00
51,2015-11-04 01:00:00
61,2015-11-04 02:00:00
47,2015-11-04 03:00:00
51,2015-11-04 04:00:00
139,2015-11-04 05:00:00
93,2015-11-04 06:00:00
621,2015-11-04 07:00:00
572,2015-11-04 08:00:00
590,2015-11-04 09:00:00
612,2015-11-04 10:00:00
624,2015-11-04 11:00:00
620,2015-11-04 12:00:00
618,2015-11-04 13:00:00
599,2015-11-04 14:00:00
574,2015-11-04 15:00:00
1781,2015-11-04 16:00:00
913,2015-11-04 17:00:00
302,2015-11-04 18:00:00
89,2015-11-04 19:00:00
90,2015-11-04 20:00:00
57,2015-11-04 21:00:00
56,2015-11-04 22:00:00
58,2015-11-04 23:00:00
50,2015-11-05 00:00:00
50,2015-11-05 01:00:00
43,2015-11-05 02:00:00
43,2015-11-05 03:00:00
68,2015-11-05 04:00:00
209,2015-11-05 05:00:00
751,2015-11-05 06:00:00
1657,2015-11-05 07:00:00
2481,2015-11-05 08:00:00
2589,2015-11-05 09:00:00
2618,2015-11-05 10:00:00
2614,2015-11-05 11:00:00
2571,2015-11-05 12:00:00
2604,2015-11-05 13:00:00
2600,2015-11-05 14:00:00
2556,2015-11-05 15:00:00
2237,2015-11-05 16:00:00
1316,2015-11-05 17:00:00
526,2015-11-05 18:00:00
250,2015-11-05 19:00:00
125,2015-11-05 20:00:00
116,2015-11-05 21:00:00
62,2015-11-05 22:00:00
80,2015-11-05 23:00:00
47,2015-11-06 00:00:00
48,2015-11-06 01:00:00
43,2015-11-06 02:00:00
39,2015-11-06 03:00:00
65,2015-11-06 04:00:00
230,2015-11-06 05:00:00
858,2015-11-06 06:00:00
1568,2015-11-06 07:00:00
2454,2015-11-06 08:00:00
2613,2015-11-06 09:00:00
2665,2015-11-06 10:00:00
2654,2015-11-06 11:00:00
2571,2015-11-06 12:00:00
2592,2015-11-06 13:00:00
2592,2015-11-06 14:00:00
2533,2015-11-06 15:00:00
1998,2015-11-06 16:00:00
1306,2015-11-06 17:00:00
539,2015-11-06 18:00:00
240,2015-11-06 19:00:00
121,2015-11-06 20:00:00
93,2015-11-06 21:00:00
82,2015-11-06 22:00:00
72,2015-11-06 23:00:00
59,2015-11-07 00:00:00
57,2015-11-07 01:00:00
57,2015-11-07 02:00:00
49,2015-11-07 03:00:00
77,2015-11-07 04:00:00
276,2015-11-07 05:00:00
940,2015-11-07 06:00:00
1613,2015-11-07 07:00:00
2347,2015-11-07 08:00:00
2479,2015-11-07 09:00:00
2517,2015-11-07 10:00:00
2517,2015-11-07 11:00:00
2392,2015-11-07 12:00:00
2419,2015-11-07 13:00:00
2383,2015-11-07 14:00:00
2329,2015-11-07 15:00:00
1700,2015-11-07 16:00:00
889,2015-11-07 17:00:00
399,2015-11-07 18:00:00
279,2015-11-07 19:00:00
151,2015-11-07 20:00:00
125,2015-11-07 21:00:00
109,2015-11-07 22:00:00
75,2015-11-07 23:00:00
69,2015-11-08 00:00:00
68,2015-11-08 01:00:00
65,2015-11-08 02:00:00
46,2015-11-08 03:00:00
75,2015-11-08 04:00:00
250,2015-11-08 05:00:00
714,2015-11-08 06:00:00
1352,2015-11-08 07:00:00
1929,2015-11-08 08:00:00
2057,2015-11-08 09:00:00
2087,2015-11-08 10:00:00
2088,2015-11-08 11:00:00
1996,2015-11-08 12:00:00
2003,2015-11-08 13:00:00
1891,2015-11-08 14:00:00
1866,2015-11-08 15:00:00
1057,2015-11-08 16:00:00
808,2015-11-08 17:00:00
442,2015-11-08 18:00:00
250,2015-11-08 19:00:00
163,2015-11-08 20:00:00
127,2015-11-08 21:00:00
118,2015-11-08 22:00:00
92,2015-11-08 23:00:00
89,2015-11-09 00:00:00
85,2015-11-09 01:00:00
61,2015-11-09 02:00:00
53,2015-11-09 03:00:00
71,2015-11-09 04:00:00
199,2015-11-09 05:00:00
544,2015-11-09 06:00:00
1031,2015-11-09 07:00:00
1183,2015-11-09 08:00:00
1343,2015-11-09 09:00:00
1469,2015-11-09 10:00:00
1349,2015-11-09 11:00:00
1347,2015-11-09 12:00:00
1292,2015-11-09 13:00:00
1197,2015-11-09 14:00:00
1141,2015-11-09 15:00:00
1329,2015-11-09 16:00:00
734,2015-11-09 17:00:00
319,2015-11-09 18:00:00
149,2015-11-09 19:00:00
127,2015-11-09 20:00:00
100,2015-11-09 21:00:00
93,2015-11-09 22:00:00
68,2015-11-09 23:00:00
63,2015-11-10 00:00:00
61,2015-11-10 01:00:00
54,2015-11-10 02:00:00
53,2015-11-10 03:00:00
52,2015-11-10 04:00:00
134,2015-11-10 05:00:00
336,2015-11-10 06:00:00
1042,2015-11-10 07:00:00
785,2015-11-10 08:00:00
582,2015-11-10 09:00:00
593,2015-11-10 10:00:00
596,2015-11-10 11:00:00
590,2015-11-10 12:00:00
596,2015-11-10 13:00:00
593,2015-11-10 14:00:00
830,2015-11-10 15:00:00
1240,2015-11-10 16:00:00
789,2015-11-10 17:00:00
217,2015-11-10 18:00:00
104,2015-11-10 19:00:00
64,2015-11-10 20:00:00
77,2015-11-10 21:00:00
83,2015-11-10 22:00:00
58,2015-11-10 23:00:00
59,2015-11-11 00:00:00
61,2015-11-11 01:00:00
52,2015-11-11 02:00:00
50,2015-11-11 03:00:00
56,2015-11-11 04:00:00
77,2015-11-11 05:00:00
201,2015-11-11 06:00:00
597,2015-11-11 07:00:00
550,2015-11-11 08:00:00
587,2015-11-11 09:00:00
603,2015-11-11 10:00:00
615,2015-11-11 11:00:00
593,2015-11-11 12:00:00
596,2015-11-11 13:00:00
601,2015-11-11 14:00:00
842,2015-11-11 15:00:00
1561,2015-11-11 16:00:00
596,2015-11-11 17:00:00
236,2015-11-11 18:00:00
110,2015-11-11 19:00:00
69,2015-11-11 20:00:00
68,2015-11-11 21:00:00
66,2015-11-11 22:00:00
54,2015-11-11 23:00:00
54,2015-11-12 00:00:00
55,2015-11-12 01:00:00
50,2015-11-12 02:00:00
46,2015-11-12 03:00:00
66,2015-11-12 04:00:00
156,2015-11-12 05:00:00
570,2015-11-12 06:00:00
1409,2015-11-12 07:00:00
1904,2015-11-12 08:00:00
1949,2015-11-12 09:00:00
2438,2015-11-12 10:00:00
2430,2015-11-12 11:00:00
2403,2015-11-12 12:00:00
2392,2015-11-12 13:00:00
2164,2015-11-12 14:00:00
1879,2015-11-12 15:00:00
1810,2015-11-12 16:00:00
916,2015-11-12 17:00:00
437,2015-11-12 18:00:00
239,2015-11-12 19:00:00
128,2015-11-12 20:00:00
96,2015-11-12 21:00:00
67,2015-11-12 22:00:00
59,2015-11-12 23:00:00
64,2015-11-13 00:00:00
63,2015-11-13 01:00:00
46,2015-11-13 02:00:00
40,2015-11-13 03:00:00
73,2015-11-13 04:00:00
208,2015-11-13 05:00:00
858,2015-11-13 06:00:00
1616,2015-11-13 07:00:00
2474,2015-11-13 08:00:00
2625,2015-11-13 09:00:00
2632,2015-11-13 10:00:00
2619,2015-11-13 11:00:00
2580,2015-11-13 12:00:00
2614,2015-11-13 13:00:00
2583,2015-11-13 14:00:00
2520,2015-11-13 15:00:00
2029,2015-11-13 16:00:00
1109,2015-11-13 17:00:00
635,2015-11-13 18:00:00
254,2015-11-13 19:00:00
140,2015-11-13 20:00:00
98,2015-11-13 21:00:00
67,2015-11-13 22:00:00
63,2015-11-13 23:00:00
65,2015-11-14 00:00:00
61,2015-11-14 01:00:00
56,2015-11-14 02:00:00
44,2015-11-14 03:00:00
72,2015-11-14 04:00:00
278,2015-11-14 05:00:00
914,2015-11-14 06:00:00
1609,2015-11-14 07:00:00
2364,2015-11-14 08:00:00
2435,2015-11-14 09:00:00
2444,2015-11-14 10:00:00
2440,2015-11-14 11:00:00
2381,2015-11-14 12:00:00
2368,2015-11-14 13:00:00
2339,2015-11-14 14:00:00
2313,2015-11-14 15:00:00
1479,2015-11-14 16:00:00
1159,2015-11-14 17:00:00
536,2015-11-14 18:00:00
248,2015-11-14 19:00:00
118,2015-11-14 20:00:00
100,2015-11-14 21:00:00
76,2015-11-14 22:00:00
73,2015-11-14 23:00:00
79,2015-11-15 00:00:00
55,2015-11-15 01:00:00
52,2015-11-15 02:00:00
48,2015-11-15 03:00:00
69,2015-11-15 04:00:00
268,2015-11-15 05:00:00
758,2015-11-15 06:00:00
1176,2015-11-15 07:00:00
1850,2015-11-15 08:00:00
2016,2015-11-15 09:00:00
2034,2015-11-15 10:00:00
2025,2015-11-15 11:00:00
1976,2015-11-15 12:00:00
1983,2015-11-15 13:00:00
1968,2015-11-15 14:00:00
1822,2015-11-15 15:00:00
1191,2015-11-15 16:00:00
746,2015-11-15 17:00:00
457,2015-11-15 18:00:00
249,2015-11-15 19:00:00
141,2015-11-15 20:00:00
151,2015-11-15 21:00:00
67,2015-11-15 22:00:00
69,2015-11-15 23:00:00
71,2015-11-16 00:00:00
57,2015-11-16 01:00:00
52,2015-11-16 02:00:00
47,2015-11-16 03:00:00
60,2015-11-16 04:00:00
193,2015-11-16 05:00:00
581,2015-11-16 06:00:00
673,2015-11-16 07:00:00
1372,2015-11-16 08:00:00
1124,2015-11-16 09:00:00
1365,2015-11-16 10:00:00
1336,2015-11-16 11:00:00
1237,2015-11-16 12:00:00
1144,2015-11-16 13:00:00
1207,2015-11-16 14:00:00
993,2015-11-16 15:00:00
863,2015-11-16 16:00:00
776,2015-11-16 17:00:00
290,2015-11-16 18:00:00
177,2015-11-16 19:00:00
119,2015-11-16 20:00:00
90,2015-11-16 21:00:00
72,2015-11-16 22:00:00
59,2015-11-16 23:00:00
58,2015-11-17 00:00:00
57,2015-11-17 01:00:00
69,2015-11-17 02:00:00
53,2015-11-17 03:00:00
50,2015-11-17 04:00:00
101,2015-11-17 05:00:00
414,2015-11-17 06:00:00
685,2015-11-17 07:00:00
688,2015-11-17 08:00:00
580,2015-11-17 09:00:00
586,2015-11-17 10:00:00
586,2015-11-17 11:00:00
575,2015-11-17 12:00:00
823,2015-11-17 13:00:00
1065,2015-11-17 14:00:00
573,2015-11-17 15:00:00
1586,2015-11-17 16:00:00
846,2015-11-17 17:00:00
223,2015-11-17 18:00:00
173,2015-11-17 19:00:00
76,2015-11-17 20:00:00
78,2015-11-17 21:00:00
61,2015-11-17 22:00:00
57,2015-11-17 23:00:00
57,2015-11-18 00:00:00
55,2015-11-18 01:00:00
59,2015-11-18 02:00:00
54,2015-11-18 03:00:00
58,2015-11-18 04:00:00
93,2015-11-18 05:00:00
197,2015-11-18 06:00:00
609,2015-11-18 07:00:00
931,2015-11-18 08:00:00
598,2015-11-18 09:00:00
613,2015-11-18 10:00:00
621,2015-11-18 11:00:00
606,2015-11-18 12:00:00
840,2015-11-18 13:00:00
1080,2015-11-18 14:00:00
570,2015-11-18 15:00:00
1810,2015-11-18 16:00:00
836,2015-11-18 17:00:00
233,2015-11-18 18:00:00
169,2015-11-18 19:00:00
72,2015-11-18 20:00:00
62,2015-11-18 21:00:00
53,2015-11-18 22:00:00
55,2015-11-18 23:00:00
48,2015-11-19 00:00:00
49,2015-11-19 01:00:00
48,2015-11-19 02:00:00
48,2015-11-19 03:00:00
65,2015-11-19 04:00:00
112,2015-11-19 05:00:00
722,2015-11-19 06:00:00
1482,2015-11-19 07:00:00
2402,2015-11-19 08:00:00
2279,2015-11-19 09:00:00
2545,2015-11-19 10:00:00
2286,2015-11-19 11:00:00
2495,2015-11-19 12:00:00
2265,2015-11-19 13:00:00
2275,2015-11-19 14:00:00
1992,2015-11-19 15:00:00
1998,2015-11-19 16:00:00
925,2015-11-19 17:00:00
359,2015-11-19 18:00:00
314,2015-11-19 19:00:00
156,2015-11-19 20:00:00
95,2015-11-19 21:00:00
69,2015-11-19 22:00:00
65,2015-11-19 23:00:00
64,2015-11-20 00:00:00
61,2015-11-20 01:00:00
47,2015-11-20 02:00:00
45,2015-11-20 03:00:00
73,2015-11-20 04:00:00
244,2015-11-20 05:00:00
844,2015-11-20 06:00:00
1706,2015-11-20 07:00:00
2473,2015-11-20 08:00:00
2577,2015-11-20 09:00:00
2620,2015-11-20 10:00:00
2615,2015-11-20 11:00:00
2319,2015-11-20 12:00:00
2569,2015-11-20 13:00:00
2568,2015-11-20 14:00:00
2494,2015-11-20 15:00:00
1799,2015-11-20 16:00:00
1340,2015-11-20 17:00:00
527,2015-11-20 18:00:00
287,2015-11-20 19:00:00
135,2015-11-20 20:00:00
91,2015-11-20 21:00:00
80,2015-11-20 22:00:00
82,2015-11-20 23:00:00
72,2015-11-21 00:00:00
56,2015-11-21 01:00:00
49,2015-11-21 02:00:00
45,2015-11-21 03:00:00
73,2015-11-21 04:00:00
263,2015-11-21 05:00:00
894,2015-11-21 06:00:00
1595,2015-11-21 07:00:00
2231,2015-11-21 08:00:00
2388,2015-11-21 09:00:00
2397,2015-11-21 10:00:00
2228,2015-11-21 11:00:00
2199,2015-11-21 12:00:00
2218,2015-11-21 13:00:00
2323,2015-11-21 14:00:00
2225,2015-11-21 15:00:00
1363,2015-11-21 16:00:00
1203,2015-11-21 17:00:00
543,2015-11-21 18:00:00
261,2015-11-21 19:00:00
159,2015-11-21 20:00:00
112,2015-11-21 21:00:00
90,2015-11-21 22:00:00
74,2015-11-21 23:00:00
65,2015-11-22 00:00:00
58,2015-11-22 01:00:00
57,2015-11-22 02:00:00
48,2015-11-22 03:00:00
78,2015-11-22 04:00:00
231,2015-11-22 05:00:00
752,2015-11-22 06:00:00
1263,2015-11-22 07:00:00
1852,2015-11-22 08:00:00
1998,2015-11-22 09:00:00
2022,2015-11-22 10:00:00
2019,2015-11-22 11:00:00
1980,2015-11-22 12:00:00
1973,2015-11-22 13:00:00
1971,2015-11-22 14:00:00
1951,2015-11-22 15:00:00
1070,2015-11-22 16:00:00
733,2015-11-22 17:00:00
450,2015-11-22 18:00:00
279,2015-11-22 19:00:00
166,2015-11-22 20:00:00
104,2015-11-22 21:00:00
97,2015-11-22 22:00:00
65,2015-11-22 23:00:00
67,2015-11-23 00:00:00
65,2015-11-23 01:00:00
63,2015-11-23 02:00:00
54,2015-11-23 03:00:00
72,2015-11-23 04:00:00
169,2015-11-23 05:00:00
470,2015-11-23 06:00:00
989,2015-11-23 07:00:00
1212,2015-11-23 08:00:00
1438,2015-11-23 09:00:00
1448,2015-11-23 10:00:00
1548,2015-11-23 11:00:00
1402,2015-11-23 12:00:00
1252,2015-11-23 13:00:00
1276,2015-11-23 14:00:00
1154,2015-11-23 15:00:00
394,2015-11-23 16:00:00
372,2015-11-23 17:00:00
336,2015-11-23 18:00:00
149,2015-11-23 19:00:00
106,2015-11-23 20:00:00
86,2015-11-23 21:00:00
73,2015-11-23 22:00:00
62,2015-11-23 23:00:00
66,2015-11-24 00:00:00
65,2015-11-24 01:00:00
54,2015-11-24 02:00:00
52,2015-11-24 03:00:00
64,2015-11-24 04:00:00
98,2015-11-24 05:00:00
221,2015-11-24 06:00:00
732,2015-11-24 07:00:00
672,2015-11-24 08:00:00
479,2015-11-24 09:00:00
483,2015-11-24 10:00:00
484,2015-11-24 11:00:00
295,2015-11-24 12:00:00
473,2015-11-24 13:00:00
720,2015-11-24 14:00:00
581,2015-11-24 15:00:00
942,2015-11-24 16:00:00
306,2015-11-24 17:00:00
252,2015-11-24 18:00:00
106,2015-11-24 19:00:00
86,2015-11-24 20:00:00
62,2015-11-24 21:00:00
67,2015-11-24 22:00:00
57,2015-11-24 23:00:00
52,2015-11-25 00:00:00
60,2015-11-25 01:00:00
56,2015-11-25 02:00:00
52,2015-11-25 03:00:00
60,2015-11-25 04:00:00
107,2015-11-25 05:00:00
214,2015-11-25 06:00:00
724,2015-11-25 07:00:00
654,2015-11-25 08:00:00
437,2015-11-25 09:00:00
463,2015-11-25 10:00:00
466,2015-11-25 11:00:00
443,2015-11-25 12:00:00
438,2015-11-25 13:00:00
920,2015-11-25 14:00:00
413,2015-11-25 15:00:00
923,2015-11-25 16:00:00
421,2015-11-25 17:00:00
122,2015-11-25 18:00:00
76,2015-11-25 19:00:00
87,2015-11-25 20:00:00
62,2015-11-25 21:00:00
62,2015-11-25 22:00:00
58,2015-11-25 23:00:00
56,2015-11-26 00:00:00
58,2015-11-26 01:00:00
58,2015-11-26 02:00:00
50,2015-11-26 03:00:00
73,2015-11-26 04:00:00
177,2015-11-26 05:00:00
433,2015-11-26 06:00:00
845,2015-11-26 07:00:00
2142,2015-11-26 08:00:00
2263,2015-11-26 09:00:00
2276,2015-11-26 10:00:00
2277,2015-11-26 11:00:00
1969,2015-11-26 12:00:00
1956,2015-11-26 13:00:00
1891,2015-11-26 14:00:00
1087,2015-11-26 15:00:00
474,2015-11-26 16:00:00
746,2015-11-26 17:00:00
322,2015-11-26 18:00:00
216,2015-11-26 19:00:00
125,2015-11-26 20:00:00
114,2015-11-26 21:00:00
85,2015-11-26 22:00:00
61,2015-11-26 23:00:00
62,2015-11-27 00:00:00
63,2015-11-27 01:00:00
61,2015-11-27 02:00:00
48,2015-11-27 03:00:00
78,2015-11-27 04:00:00
231,2015-11-27 05:00:00
675,2015-11-27 06:00:00
1202,2015-11-27 07:00:00
1796,2015-11-27 08:00:00
2089,2015-11-27 09:00:00
2101,2015-11-27 10:00:00
2091,2015-11-27 11:00:00
2052,2015-11-27 12:00:00
2053,2015-11-27 13:00:00
2057,2015-11-27 14:00:00
1769,2015-11-27 15:00:00
296,2015-11-27 16:00:00
770,2015-11-27 17:00:00
411,2015-11-27 18:00:00
187,2015-11-27 19:00:00
107,2015-11-27 20:00:00
107,2015-11-27 21:00:00
105,2015-11-27 22:00:00
60,2015-11-27 23:00:00
57,2015-11-28 00:00:00
54,2015-11-28 01:00:00
52,2015-11-28 02:00:00
45,2015-11-28 03:00:00
75,2015-11-28 04:00:00
245,2015-11-28 05:00:00
853,2015-11-28 06:00:00
1380,2015-11-28 07:00:00
1941,2015-11-28 08:00:00
2073,2015-11-28 09:00:00
2097,2015-11-28 10:00:00
2098,2015-11-28 11:00:00
2037,2015-11-28 12:00:00
2060,2015-11-28 13:00:00
2053,2015-11-28 14:00:00
2000,2015-11-28 15:00:00
707,2015-11-28 16:00:00
786,2015-11-28 17:00:00
465,2015-11-28 18:00:00
228,2015-11-28 19:00:00
152,2015-11-28 20:00:00
130,2015-11-28 21:00:00
77,2015-11-28 22:00:00
56,2015-11-28 23:00:00
55,2015-11-29 00:00:00
54,2015-11-29 01:00:00
54,2015-11-29 02:00:00
41,2015-11-29 03:00:00
73,2015-11-29 04:00:00
236,2015-11-29 05:00:00
819,2015-11-29 06:00:00
1307,2015-11-29 07:00:00
1909,2015-11-29 08:00:00
2037,2015-11-29 09:00:00
2065,2015-11-29 10:00:00
2059,2015-11-29 11:00:00
1977,2015-11-29 12:00:00
2004,2015-11-29 13:00:00
1999,2015-11-29 14:00:00
1957,2015-11-29 15:00:00
688,2015-11-29 16:00:00
774,2015-11-29 17:00:00
445,2015-11-29 18:00:00
239,2015-11-29 19:00:00
129,2015-11-29 20:00:00
130,2015-11-29 21:00:00
86,2015-11-29 22:00:00
74,2015-11-29 23:00:00
80,2015-11-30 00:00:00
82,2015-11-30 01:00:00
80,2015-11-30 02:00:00
40,2015-11-30 03:00:00
58,2015-11-30 04:00:00
156,2015-11-30 05:00:00
538,2015-11-30 06:00:00
940,2015-11-30 07:00:00
1349,2015-11-30 08:00:00
1383,2015-11-30 09:00:00
1401,2015-11-30 10:00:00
1381,2015-11-30 11:00:00
1273,2015-11-30 12:00:00
1237,2015-11-30 13:00:00
1144,2015-11-30 14:00:00
1030,2015-11-30 15:00:00
343,2015-11-30 16:00:00
464,2015-11-30 17:00:00
266,2015-11-30 18:00:00
134,2015-11-30 19:00:00
90,2015-11-30 20:00:00
100,2015-11-30 21:00:00
75,2015-11-30 22:00:00
68,2015-11-30 23:00:00
58,2015-12-01 00:00:00
58,2015-12-01 01:00:00
58,2015-12-01 02:00:00
48,2015-12-01 03:00:00
78,2015-12-01 04:00:00
276,2015-12-01 05:00:00
767,2015-12-01 06:00:00
1272,2015-12-01 07:00:00
2507,2015-12-01 08:00:00
2591,2015-12-01 09:00:00
2630,2015-12-01 10:00:00
2630,2015-12-01 11:00:00
2563,2015-12-01 12:00:00
2568,2015-12-01 13:00:00
2577,2015-12-01 14:00:00
2413,2015-12-01 15:00:00
2061,2015-12-01 16:00:00
1365,2015-12-01 17:00:00
658,2015-12-01 18:00:00
279,2015-12-01 19:00:00
129,2015-12-01 20:00:00
112,2015-12-01 21:00:00
100,2015-12-01 22:00:00
67,2015-12-01 23:00:00
75,2015-12-02 00:00:00
75,2015-12-02 01:00:00
73,2015-12-02 02:00:00
49,2015-12-02 03:00:00
63,2015-12-02 04:00:00
213,2015-12-02 05:00:00
554,2015-12-02 06:00:00
1315,2015-12-02 07:00:00
1832,2015-12-02 08:00:00
1907,2015-12-02 09:00:00
1947,2015-12-02 10:00:00
1928,2015-12-02 11:00:00
1799,2015-12-02 12:00:00
1712,2015-12-02 13:00:00
1660,2015-12-02 14:00:00
1425,2015-12-02 15:00:00
1840,2015-12-02 16:00:00
1143,2015-12-02 17:00:00
453,2015-12-02 18:00:00
200,2015-12-02 19:00:00
98,2015-12-02 20:00:00
88,2015-12-02 21:00:00
71,2015-12-02 22:00:00
58,2015-12-02 23:00:00
57,2015-12-03 00:00:00
53,2015-12-03 01:00:00
54,2015-12-03 02:00:00
47,2015-12-03 03:00:00
52,2015-12-03 04:00:00
106,2015-12-03 05:00:00
414,2015-12-03 06:00:00
776,2015-12-03 07:00:00
713,2015-12-03 08:00:00
584,2015-12-03 09:00:00
611,2015-12-03 10:00:00
608,2015-12-03 11:00:00
573,2015-12-03 12:00:00
576,2015-12-03 13:00:00
579,2015-12-03 14:00:00
1048,2015-12-03 15:00:00
2032,2015-12-03 16:00:00
825,2015-12-03 17:00:00
340,2015-12-03 18:00:00
145,2015-12-03 19:00:00
96,2015-12-03 20:00:00
68,2015-12-03 21:00:00
60,2015-12-03 22:00:00
55,2015-12-03 23:00:00
52,2015-12-04 00:00:00
51,2015-12-04 01:00:00
61,2015-12-04 02:00:00
47,2015-12-04 03:00:00
51,2015-12-04 04:00:00
139,2015-12-04 05:00:00
93,2015-12-04 06:00:00
603,2015-12-04 07:00:00
570,2015-12-04 08:00:00
593,2015-12-04 09:00:00
626,2015-12-04 10:00:00
634,2015-12-04 11:00:00
608,2015-12-04 12:00:00
606,2015-12-04 13:00:00
587,2015-12-04 14:00:00
563,2015-12-04 15:00:00
1780,2015-12-04 16:00:00
919,2015-12-04 17:00:00
407,2015-12-04 18:00:00
89,2015-12-04 19:00:00
90,2015-12-04 20:00:00
57,2015-12-04 21:00:00
56,2015-12-04 22:00:00
58,2015-12-04 23:00:00
50,2015-12-05 00:00:00
50,2015-12-05 01:00:00
43,2015-12-05 02:00:00
43,2015-12-05 03:00:00
68,2015-12-05 04:00:00
209,2015-12-05 05:00:00
751,2015-12-05 06:00:00
1490,2015-12-05 07:00:00
2296,2015-12-05 08:00:00
2428,2015-12-05 09:00:00
2442,2015-12-05 10:00:00
2436,2015-12-05 11:00:00
2357,2015-12-05 12:00:00
2375,2015-12-05 13:00:00
2363,2015-12-05 14:00:00
2311,2015-12-05 15:00:00
1979,2015-12-05 16:00:00
1059,2015-12-05 17:00:00
578,2015-12-05 18:00:00
250,2015-12-05 19:00:00
125,2015-12-05 20:00:00
116,2015-12-05 21:00:00
62,2015-12-05 22:00:00
80,2015-12-05 23:00:00
47,2015-12-06 00:00:00
48,2015-12-06 01:00:00
43,2015-12-06 02:00:00
39,2015-12-06 03:00:00
65,2015-12-06 04:00:00
230,2015-12-06 05:00:00
765,2015-12-06 06:00:00
1202,2015-12-06 07:00:00
1970,2015-12-06 08:00:00
2112,2015-12-06 09:00:00
2144,2015-12-06 10:00:00
2138,2015-12-06 11:00:00
2084,2015-12-06 12:00:00
2105,2015-12-06 13:00:00
2100,2015-12-06 14:00:00
2045,2015-12-06 15:00:00
1449,2015-12-06 16:00:00
1088,2015-12-06 17:00:00
416,2015-12-06 18:00:00
240,2015-12-06 19:00:00
121,2015-12-06 20:00:00
93,2015-12-06 21:00:00
82,2015-12-06 22:00:00
72,2015-12-06 23:00:00
59,2015-12-07 00:00:00
57,2015-12-07 01:00:00
57,2015-12-07 02:00:00
49,2015-12-07 03:00:00
77,2015-12-07 04:00:00
276,2015-12-07 05:00:00
885,2015-12-07 06:00:00
1276,2015-12-07 07:00:00
1992,2015-12-07 08:00:00
2125,2015-12-07 09:00:00
2162,2015-12-07 10:00:00
2168,2015-12-07 11:00:00
2088,2015-12-07 12:00:00
2115,2015-12-07 13:00:00
2114,2015-12-07 14:00:00
2060,2015-12-07 15:00:00
1801,2015-12-07 16:00:00
853,2015-12-07 17:00:00
398,2015-12-07 18:00:00
279,2015-12-07 19:00:00
151,2015-12-07 20:00:00
125,2015-12-07 21:00:00
109,2015-12-07 22:00:00
75,2015-12-07 23:00:00
69,2015-12-08 00:00:00
68,2015-12-08 01:00:00
65,2015-12-08 02:00:00
46,2015-12-08 03:00:00
75,2015-12-08 04:00:00
250,2015-12-08 05:00:00
713,2015-12-08 06:00:00
1405,2015-12-08 07:00:00
2396,2015-12-08 08:00:00
2534,2015-12-08 09:00:00
2583,2015-12-08 10:00:00
2578,2015-12-08 11:00:00
2480,2015-12-08 12:00:00
2493,2015-12-08 13:00:00
2376,2015-12-08 14:00:00
2343,2015-12-08 15:00:00
2050,2015-12-08 16:00:00
1048,2015-12-08 17:00:00
551,2015-12-08 18:00:00
250,2015-12-08 19:00:00
163,2015-12-08 20:00:00
127,2015-12-08 21:00:00
118,2015-12-08 22:00:00
92,2015-12-08 23:00:00
89,2015-12-09 00:00:00
85,2015-12-09 01:00:00
61,2015-12-09 02:00:00
53,2015-12-09 03:00:00
71,2015-12-09 04:00:00
199,2015-12-09 05:00:00
635,2015-12-09 06:00:00
1386,2015-12-09 07:00:00
1690,2015-12-09 08:00:00
1860,2015-12-09 09:00:00
1991,2015-12-09 10:00:00
1865,2015-12-09 11:00:00
1841,2015-12-09 12:00:00
1803,2015-12-09 13:00:00
1706,2015-12-09 14:00:00
1651,2015-12-09 15:00:00
1973,2015-12-09 16:00:00
828,2015-12-09 17:00:00
445,2015-12-09 18:00:00
149,2015-12-09 19:00:00
127,2015-12-09 20:00:00
100,2015-12-09 21:00:00
93,2015-12-09 22:00:00
68,2015-12-09 23:00:00
63,2015-12-10 00:00:00
61,2015-12-10 01:00:00
54,2015-12-10 02:00:00
53,2015-12-10 03:00:00
52,2015-12-10 04:00:00
134,2015-12-10 05:00:00
335,2015-12-10 06:00:00
1227,2015-12-10 07:00:00
790,2015-12-10 08:00:00
604,2015-12-10 09:00:00
615,2015-12-10 10:00:00
620,2015-12-10 11:00:00
599,2015-12-10 12:00:00
605,2015-12-10 13:00:00
602,2015-12-10 14:00:00
830,2015-12-10 15:00:00
1418,2015-12-10 16:00:00
912,2015-12-10 17:00:00
285,2015-12-10 18:00:00
105,2015-12-10 19:00:00
64,2015-12-10 20:00:00
77,2015-12-10 21:00:00
83,2015-12-10 22:00:00
58,2015-12-10 23:00:00
59,2015-12-11 00:00:00
61,2015-12-11 01:00:00
52,2015-12-11 02:00:00
50,2015-12-11 03:00:00
56,2015-12-11 04:00:00
77,2015-12-11 05:00:00
104,2015-12-11 06:00:00
590,2015-12-11 07:00:00
554,2015-12-11 08:00:00
599,2015-12-11 09:00:00
612,2015-12-11 10:00:00
625,2015-12-11 11:00:00
592,2015-12-11 12:00:00
593,2015-12-11 13:00:00
600,2015-12-11 14:00:00
842,2015-12-11 15:00:00
1530,2015-12-11 16:00:00
708,2015-12-11 17:00:00
241,2015-12-11 18:00:00
120,2015-12-11 19:00:00
69,2015-12-11 20:00:00
68,2015-12-11 21:00:00
66,2015-12-11 22:00:00
54,2015-12-11 23:00:00
54,2015-12-12 00:00:00
55,2015-12-12 01:00:00
50,2015-12-12 02:00:00
46,2015-12-12 03:00:00
66,2015-12-12 04:00:00
156,2015-12-12 05:00:00
473,2015-12-12 06:00:00
1331,2015-12-12 07:00:00
1742,2015-12-12 08:00:00
1787,2015-12-12 09:00:00
2260,2015-12-12 10:00:00
2248,2015-12-12 11:00:00
2221,2015-12-12 12:00:00
2156,2015-12-12 13:00:00
1920,2015-12-12 14:00:00
1609,2015-12-12 15:00:00
1390,2015-12-12 16:00:00
630,2015-12-12 17:00:00
412,2015-12-12 18:00:00
225,2015-12-12 19:00:00
128,2015-12-12 20:00:00
96,2015-12-12 21:00:00
67,2015-12-12 22:00:00
59,2015-12-12 23:00:00
64,2015-12-13 00:00:00
63,2015-12-13 01:00:00
46,2015-12-13 02:00:00
40,2015-12-13 03:00:00
73,2015-12-13 04:00:00
208,2015-12-13 05:00:00
767,2015-12-13 06:00:00
1545,2015-12-13 07:00:00
1998,2015-12-13 08:00:00
2119,2015-12-13 09:00:00
2127,2015-12-13 10:00:00
2123,2015-12-13 11:00:00
2091,2015-12-13 12:00:00
2119,2015-12-13 13:00:00
2086,2015-12-13 14:00:00
2029,2015-12-13 15:00:00
1059,2015-12-13 16:00:00
860,2015-12-13 17:00:00
489,2015-12-13 18:00:00
239,2015-12-13 19:00:00
140,2015-12-13 20:00:00
98,2015-12-13 21:00:00
67,2015-12-13 22:00:00
63,2015-12-13 23:00:00
65,2015-12-14 00:00:00
61,2015-12-14 01:00:00
56,2015-12-14 02:00:00
44,2015-12-14 03:00:00
72,2015-12-14 04:00:00
278,2015-12-14 05:00:00
864,2015-12-14 06:00:00
1538,2015-12-14 07:00:00
1951,2015-12-14 08:00:00
2086,2015-12-14 09:00:00
2099,2015-12-14 10:00:00
2101,2015-12-14 11:00:00
2076,2015-12-14 12:00:00
2060,2015-12-14 13:00:00
2044,2015-12-14 14:00:00
2034,2015-12-14 15:00:00
1007,2015-12-14 16:00:00
1096,2015-12-14 17:00:00
517,2015-12-14 18:00:00
240,2015-12-14 19:00:00
118,2015-12-14 20:00:00
100,2015-12-14 21:00:00
76,2015-12-14 22:00:00
73,2015-12-14 23:00:00
79,2015-12-15 00:00:00
55,2015-12-15 01:00:00
52,2015-12-15 02:00:00
48,2015-12-15 03:00:00
69,2015-12-15 04:00:00
268,2015-12-15 05:00:00
758,2015-12-15 06:00:00
1519,2015-12-15 07:00:00
2086,2015-12-15 08:00:00
2518,2015-12-15 09:00:00
2541,2015-12-15 10:00:00
2528,2015-12-15 11:00:00
2453,2015-12-15 12:00:00
2468,2015-12-15 13:00:00
2456,2015-12-15 14:00:00
2296,2015-12-15 15:00:00
1518,2015-12-15 16:00:00
1292,2015-12-15 17:00:00
439,2015-12-15 18:00:00
249,2015-12-15 19:00:00
141,2015-12-15 20:00:00
151,2015-12-15 21:00:00
67,2015-12-15 22:00:00
69,2015-12-15 23:00:00
71,2015-12-16 00:00:00
57,2015-12-16 01:00:00
52,2015-12-16 02:00:00
47,2015-12-16 03:00:00
60,2015-12-16 04:00:00
193,2015-12-16 05:00:00
670,2015-12-16 06:00:00
1016,2015-12-16 07:00:00
1611,2015-12-16 08:00:00
1641,2015-12-16 09:00:00
1886,2015-12-16 10:00:00
1855,2015-12-16 11:00:00
1728,2015-12-16 12:00:00
1640,2015-12-16 13:00:00
1701,2015-12-16 14:00:00
1477,2015-12-16 15:00:00
1476,2015-12-16 16:00:00
1130,2015-12-16 17:00:00
314,2015-12-16 18:00:00
177,2015-12-16 19:00:00
119,2015-12-16 20:00:00
90,2015-12-16 21:00:00
72,2015-12-16 22:00:00
59,2015-12-16 23:00:00
58,2015-12-17 00:00:00
57,2015-12-17 01:00:00
69,2015-12-17 02:00:00
53,2015-12-17 03:00:00
50,2015-12-17 04:00:00
101,2015-12-17 05:00:00
405,2015-12-17 06:00:00
655,2015-12-17 07:00:00
691,2015-12-17 08:00:00
548,2015-12-17 09:00:00
553,2015-12-17 10:00:00
552,2015-12-17 11:00:00
547,2015-12-17 12:00:00
796,2015-12-17 13:00:00
1038,2015-12-17 14:00:00
544,2015-12-17 15:00:00
1447,2015-12-17 16:00:00
866,2015-12-17 17:00:00
275,2015-12-17 18:00:00
168,2015-12-17 19:00:00
76,2015-12-17 20:00:00
78,2015-12-17 21:00:00
61,2015-12-17 22:00:00
57,2015-12-17 23:00:00
57,2015-12-18 00:00:00
55,2015-12-18 01:00:00
59,2015-12-18 02:00:00
54,2015-12-18 03:00:00
58,2015-12-18 04:00:00
93,2015-12-18 05:00:00
172,2015-12-18 06:00:00
548,2015-12-18 07:00:00
883,2015-12-18 08:00:00
541,2015-12-18 09:00:00
554,2015-12-18 10:00:00
552,2015-12-18 11:00:00
533,2015-12-18 12:00:00
786,2015-12-18 13:00:00
1018,2015-12-18 14:00:00
515,2015-12-18 15:00:00
1545,2015-12-18 16:00:00
689,2015-12-18 17:00:00
239,2015-12-18 18:00:00
162,2015-12-18 19:00:00
72,2015-12-18 20:00:00
62,2015-12-18 21:00:00
53,2015-12-18 22:00:00
55,2015-12-18 23:00:00
48,2015-12-19 00:00:00
49,2015-12-19 01:00:00
48,2015-12-19 02:00:00
48,2015-12-19 03:00:00
65,2015-12-19 04:00:00
112,2015-12-19 05:00:00
661,2015-12-19 06:00:00
1335,2015-12-19 07:00:00
2165,2015-12-19 08:00:00
2005,2015-12-19 09:00:00
2309,2015-12-19 10:00:00
2063,2015-12-19 11:00:00
2272,2015-12-19 12:00:00
2015,2015-12-19 13:00:00
1963,2015-12-19 14:00:00
1671,2015-12-19 15:00:00
1437,2015-12-19 16:00:00
574,2015-12-19 17:00:00
254,2015-12-19 18:00:00
307,2015-12-19 19:00:00
156,2015-12-19 20:00:00
95,2015-12-19 21:00:00
69,2015-12-19 22:00:00
65,2015-12-19 23:00:00
64,2015-12-20 00:00:00
61,2015-12-20 01:00:00
47,2015-12-20 02:00:00
45,2015-12-20 03:00:00
73,2015-12-20 04:00:00
244,2015-12-20 05:00:00
754,2015-12-20 06:00:00
1248,2015-12-20 07:00:00
1983,2015-12-20 08:00:00
2070,2015-12-20 09:00:00
2111,2015-12-20 10:00:00
2114,2015-12-20 11:00:00
1818,2015-12-20 12:00:00
2064,2015-12-20 13:00:00
2063,2015-12-20 14:00:00
2002,2015-12-20 15:00:00
1101,2015-12-20 16:00:00
879,2015-12-20 17:00:00
410,2015-12-20 18:00:00
277,2015-12-20 19:00:00
135,2015-12-20 20:00:00
91,2015-12-20 21:00:00
80,2015-12-20 22:00:00
82,2015-12-20 23:00:00
72,2015-12-21 00:00:00
56,2015-12-21 01:00:00
49,2015-12-21 02:00:00
45,2015-12-21 03:00:00
73,2015-12-21 04:00:00
263,2015-12-21 05:00:00
843,2015-12-21 06:00:00
1207,2015-12-21 07:00:00
2028,2015-12-21 08:00:00
2168,2015-12-21 09:00:00
2181,2015-12-21 10:00:00
2059,2015-12-21 11:00:00
2044,2015-12-21 12:00:00
2058,2015-12-21 13:00:00
2061,2015-12-21 14:00:00
1985,2015-12-21 15:00:00
953,2015-12-21 16:00:00
802,2015-12-21 17:00:00
497,2015-12-21 18:00:00
252,2015-12-21 19:00:00
159,2015-12-21 20:00:00
112,2015-12-21 21:00:00
90,2015-12-21 22:00:00
74,2015-12-21 23:00:00
65,2015-12-22 00:00:00
58,2015-12-22 01:00:00
57,2015-12-22 02:00:00
48,2015-12-22 03:00:00
78,2015-12-22 04:00:00
231,2015-12-22 05:00:00
791,2015-12-22 06:00:00
1324,2015-12-22 07:00:00
2106,2015-12-22 08:00:00
2262,2015-12-22 09:00:00
2284,2015-12-22 10:00:00
2272,2015-12-22 11:00:00
2224,2015-12-22 12:00:00
2216,2015-12-22 13:00:00
2094,2015-12-22 14:00:00
2076,2015-12-22 15:00:00
1213,2015-12-22 16:00:00
810,2015-12-22 17:00:00
446,2015-12-22 18:00:00
273,2015-12-22 19:00:00
166,2015-12-22 20:00:00
104,2015-12-22 21:00:00
97,2015-12-22 22:00:00
65,2015-12-22 23:00:00
67,2015-12-23 00:00:00
65,2015-12-23 01:00:00
63,2015-12-23 02:00:00
54,2015-12-23 03:00:00
72,2015-12-23 04:00:00
169,2015-12-23 05:00:00
502,2015-12-23 06:00:00
1057,2015-12-23 07:00:00
1414,2015-12-23 08:00:00
1661,2015-12-23 09:00:00
1667,2015-12-23 10:00:00
1653,2015-12-23 11:00:00
1511,2015-12-23 12:00:00
1436,2015-12-23 13:00:00
1455,2015-12-23 14:00:00
1320,2015-12-23 15:00:00
688,2015-12-23 16:00:00
490,2015-12-23 17:00:00
305,2015-12-23 18:00:00
136,2015-12-23 19:00:00
106,2015-12-23 20:00:00
86,2015-12-23 21:00:00
73,2015-12-23 22:00:00
62,2015-12-23 23:00:00
66,2015-12-24 00:00:00
65,2015-12-24 01:00:00
54,2015-12-24 02:00:00
52,2015-12-24 03:00:00
64,2015-12-24 04:00:00
98,2015-12-24 05:00:00
232,2015-12-24 06:00:00
488,2015-12-24 07:00:00
339,2015-12-24 08:00:00
115,2015-12-24 09:00:00
116,2015-12-24 10:00:00
285,2015-12-24 11:00:00
107,2015-12-24 12:00:00
100,2015-12-24 13:00:00
347,2015-12-24 14:00:00
215,2015-12-24 15:00:00
641,2015-12-24 16:00:00
198,2015-12-24 17:00:00
176,2015-12-24 18:00:00
90,2015-12-24 19:00:00
86,2015-12-24 20:00:00
62,2015-12-24 21:00:00
67,2015-12-24 22:00:00
57,2015-12-24 23:00:00
52,2015-12-25 00:00:00
60,2015-12-25 01:00:00
56,2015-12-25 02:00:00
52,2015-12-25 03:00:00
60,2015-12-25 04:00:00
107,2015-12-25 05:00:00
162,2015-12-25 06:00:00
417,2015-12-25 07:00:00
286,2015-12-25 08:00:00
69,2015-12-25 09:00:00
78,2015-12-25 10:00:00
82,2015-12-25 11:00:00
80,2015-12-25 12:00:00
76,2015-12-25 13:00:00
564,2015-12-25 14:00:00
75,2015-12-25 15:00:00
643,2015-12-25 16:00:00
56,2015-12-25 17:00:00
116,2015-12-25 18:00:00
59,2015-12-25 19:00:00
87,2015-12-25 20:00:00
62,2015-12-25 21:00:00
62,2015-12-25 22:00:00
58,2015-12-25 23:00:00
56,2015-12-26 00:00:00
58,2015-12-26 01:00:00
58,2015-12-26 02:00:00
50,2015-12-26 03:00:00
73,2015-12-26 04:00:00
177,2015-12-26 05:00:00
401,2015-12-26 06:00:00
585,2015-12-26 07:00:00
1941,2015-12-26 08:00:00
2054,2015-12-26 09:00:00
2067,2015-12-26 10:00:00
2072,2015-12-26 11:00:00
1796,2015-12-26 12:00:00
1808,2015-12-26 13:00:00
1791,2015-12-26 14:00:00
1042,2015-12-26 15:00:00
307,2015-12-26 16:00:00
644,2015-12-26 17:00:00
318,2015-12-26 18:00:00
216,2015-12-26 19:00:00
125,2015-12-26 20:00:00
114,2015-12-26 21:00:00
85,2015-12-26 22:00:00
61,2015-12-26 23:00:00
62,2015-12-27 00:00:00
63,2015-12-27 01:00:00
61,2015-12-27 02:00:00
48,2015-12-27 03:00:00
78,2015-12-27 04:00:00
231,2015-12-27 05:00:00
674,2015-12-27 06:00:00
1065,2015-12-27 07:00:00
1778,2015-12-27 08:00:00
2064,2015-12-27 09:00:00
2077,2015-12-27 10:00:00
2092,2015-12-27 11:00:00
2054,2015-12-27 12:00:00
2054,2015-12-27 13:00:00
2057,2015-12-27 14:00:00
1770,2015-12-27 15:00:00
344,2015-12-27 16:00:00
761,2015-12-27 17:00:00
411,2015-12-27 18:00:00
186,2015-12-27 19:00:00
107,2015-12-27 20:00:00
107,2015-12-27 21:00:00
105,2015-12-27 22:00:00
60,2015-12-27 23:00:00
57,2015-12-28 00:00:00
54,2015-12-28 01:00:00
52,2015-12-28 02:00:00
45,2015-12-28 03:00:00
75,2015-12-28 04:00:00
245,2015-12-28 05:00:00
851,2015-12-28 06:00:00
1237,2015-12-28 07:00:00
1925,2015-12-28 08:00:00
2052,2015-12-28 09:00:00
2078,2015-12-28 10:00:00
2080,2015-12-28 11:00:00
2021,2015-12-28 12:00:00
2039,2015-12-28 13:00:00
2040,2015-12-28 14:00:00
1989,2015-12-28 15:00:00
822,2015-12-28 16:00:00
776,2015-12-28 17:00:00
476,2015-12-28 18:00:00
226,2015-12-28 19:00:00
152,2015-12-28 20:00:00
130,2015-12-28 21:00:00
77,2015-12-28 22:00:00
56,2015-12-28 23:00:00
55,2015-12-29 00:00:00
54,2015-12-29 01:00:00
54,2015-12-29 02:00:00
41,2015-12-29 03:00:00
73,2015-12-29 04:00:00
236,2015-12-29 05:00:00
819,2015-12-29 06:00:00
1371,2015-12-29 07:00:00
2092,2015-12-29 08:00:00
2242,2015-12-29 09:00:00
2273,2015-12-29 10:00:00
2269,2015-12-29 11:00:00
2174,2015-12-29 12:00:00
2201,2015-12-29 13:00:00
2184,2015-12-29 14:00:00
2130,2015-12-29 15:00:00
956,2015-12-29 16:00:00
845,2015-12-29 17:00:00
473,2015-12-29 18:00:00
246,2015-12-29 19:00:00
129,2015-12-29 20:00:00
130,2015-12-29 21:00:00
86,2015-12-29 22:00:00
74,2015-12-29 23:00:00
80,2015-12-30 00:00:00
82,2015-12-30 01:00:00
80,2015-12-30 02:00:00
40,2015-12-30 03:00:00
58,2015-12-30 04:00:00
156,2015-12-30 05:00:00
538,2015-12-30 06:00:00
1068,2015-12-30 07:00:00
1542,2015-12-30 08:00:00
1583,2015-12-30 09:00:00
1599,2015-12-30 10:00:00
1578,2015-12-30 11:00:00
1458,2015-12-30 12:00:00
1425,2015-12-30 13:00:00
1333,2015-12-30 14:00:00
1198,2015-12-30 15:00:00
734,2015-12-30 16:00:00
536,2015-12-30 17:00:00
283,2015-12-30 18:00:00
140,2015-12-30 19:00:00
90,2015-12-30 20:00:00
100,2015-12-30 21:00:00
75,2015-12-30 22:00:00
68,2015-12-30 23:00:00
71,2015-12-31 00:00:00
72,2015-12-31 01:00:00
49,2015-12-31 02:00:00
37,2015-12-31 03:00:00
47,2015-12-31 04:00:00
68,2015-12-31 05:00:00
254,2015-12-31 06:00:00
246,2015-12-31 07:00:00
205,2015-12-31 08:00:00
206,2015-12-31 09:00:00
212,2015-12-31 10:00:00
210,2015-12-31 11:00:00
204,2015-12-31 12:00:00
191,2015-12-31 13:00:00
302,2015-12-31 14:00:00
280,2015-12-31 15:00:00
318,2015-12-31 16:00:00
161,2015-12-31 17:00:00
91,2015-12-31 18:00:00
126,2015-12-31 19:00:00
68,2015-12-31 20:00:00
45,2015-12-31 21:00:00
45,2015-12-31 22:00:00
46,2015-12-31 23:00:00
47,2016-01-01 00:00:00
44,2016-01-01 01:00:00
46,2016-01-01 02:00:00
42,2016-01-01 03:00:00
44,2016-01-01 04:00:00
58,2016-01-01 05:00:00
45,2016-01-01 06:00:00
45,2016-01-01 07:00:00
50,2016-01-01 08:00:00
50,2016-01-01 09:00:00
51,2016-01-01 10:00:00
48,2016-01-01 11:00:00
47,2016-01-01 12:00:00
46,2016-01-01 13:00:00
41,2016-01-01 14:00:00
41,2016-01-01 15:00:00
42,2016-01-01 16:00:00
66,2016-01-01 17:00:00
49,2016-01-01 18:00:00
48,2016-01-01 19:00:00
45,2016-01-01 20:00:00
67,2016-01-01 21:00:00
40,2016-01-01 22:00:00
40,2016-01-01 23:00:00
41,2016-01-02 00:00:00
40,2016-01-02 01:00:00
41,2016-01-02 02:00:00
39,2016-01-02 03:00:00
41,2016-01-02 04:00:00
66,2016-01-02 05:00:00
167,2016-01-02 06:00:00
306,2016-01-02 07:00:00
581,2016-01-02 08:00:00
642,2016-01-02 09:00:00
668,2016-01-02 10:00:00
669,2016-01-02 11:00:00
624,2016-01-02 12:00:00
573,2016-01-02 13:00:00
531,2016-01-02 14:00:00
416,2016-01-02 15:00:00
660,2016-01-02 16:00:00
141,2016-01-02 17:00:00
96,2016-01-02 18:00:00
102,2016-01-02 19:00:00
49,2016-01-02 20:00:00
54,2016-01-02 21:00:00
59,2016-01-02 22:00:00
40,2016-01-02 23:00:00
41,2016-01-03 00:00:00
40,2016-01-03 01:00:00
41,2016-01-03 02:00:00
39,2016-01-03 03:00:00
39,2016-01-03 04:00:00
48,2016-01-03 05:00:00
186,2016-01-03 06:00:00
282,2016-01-03 07:00:00
54,2016-01-03 08:00:00
57,2016-01-03 09:00:00
61,2016-01-03 10:00:00
64,2016-01-03 11:00:00
64,2016-01-03 12:00:00
67,2016-01-03 13:00:00
66,2016-01-03 14:00:00
63,2016-01-03 15:00:00
107,2016-01-03 16:00:00
126,2016-01-03 17:00:00
54,2016-01-03 18:00:00
81,2016-01-03 19:00:00
73,2016-01-03 20:00:00
59,2016-01-03 21:00:00
52,2016-01-03 22:00:00
41,2016-01-03 23:00:00
41,2016-01-04 00:00:00
41,2016-01-04 01:00:00
40,2016-01-04 02:00:00
39,2016-01-04 03:00:00
43,2016-01-04 04:00:00
40,2016-01-04 05:00:00
43,2016-01-04 06:00:00
207,2016-01-04 07:00:00
53,2016-01-04 08:00:00
57,2016-01-04 09:00:00
65,2016-01-04 10:00:00
68,2016-01-04 11:00:00
68,2016-01-04 12:00:00
64,2016-01-04 13:00:00
61,2016-01-04 14:00:00
60,2016-01-04 15:00:00
315,2016-01-04 16:00:00
57,2016-01-04 17:00:00
234,2016-01-04 18:00:00
78,2016-01-04 19:00:00
62,2016-01-04 20:00:00
68,2016-01-04 21:00:00
46,2016-01-04 22:00:00
43,2016-01-04 23:00:00
42,2016-01-05 00:00:00
42,2016-01-05 01:00:00
40,2016-01-05 02:00:00
39,2016-01-05 03:00:00
63,2016-01-05 04:00:00
175,2016-01-05 05:00:00
666,2016-01-05 06:00:00
1523,2016-01-05 07:00:00
2051,2016-01-05 08:00:00
2322,2016-01-05 09:00:00
2356,2016-01-05 10:00:00
2348,2016-01-05 11:00:00
2330,2016-01-05 12:00:00
2332,2016-01-05 13:00:00
2341,2016-01-05 14:00:00
1840,2016-01-05 15:00:00
918,2016-01-05 16:00:00
1185,2016-01-05 17:00:00
568,2016-01-05 18:00:00
182,2016-01-05 19:00:00
84,2016-01-05 20:00:00
88,2016-01-05 21:00:00
66,2016-01-05 22:00:00
57,2016-01-05 23:00:00
56,2016-01-06 00:00:00
48,2016-01-06 01:00:00
41,2016-01-06 02:00:00
39,2016-01-06 03:00:00
70,2016-01-06 04:00:00
224,2016-01-06 05:00:00
919,2016-01-06 06:00:00
1498,2016-01-06 07:00:00
2425,2016-01-06 08:00:00
2555,2016-01-06 09:00:00
2560,2016-01-06 10:00:00
2550,2016-01-06 11:00:00
2487,2016-01-06 12:00:00
2505,2016-01-06 13:00:00
2490,2016-01-06 14:00:00
2212,2016-01-06 15:00:00
2046,2016-01-06 16:00:00
1088,2016-01-06 17:00:00
640,2016-01-06 18:00:00
239,2016-01-06 19:00:00
104,2016-01-06 20:00:00
92,2016-01-06 21:00:00
76,2016-01-06 22:00:00
69,2016-01-06 23:00:00
69,2016-01-07 00:00:00
61,2016-01-07 01:00:00
65,2016-01-07 02:00:00
49,2016-01-07 03:00:00
70,2016-01-07 04:00:00
236,2016-01-07 05:00:00
845,2016-01-07 06:00:00
1701,2016-01-07 07:00:00
2184,2016-01-07 08:00:00
2353,2016-01-07 09:00:00
2636,2016-01-07 10:00:00
2370,2016-01-07 11:00:00
2565,2016-01-07 12:00:00
2597,2016-01-07 13:00:00
2608,2016-01-07 14:00:00
2564,2016-01-07 15:00:00
2015,2016-01-07 16:00:00
1147,2016-01-07 17:00:00
508,2016-01-07 18:00:00
247,2016-01-07 19:00:00
134,2016-01-07 20:00:00
89,2016-01-07 21:00:00
78,2016-01-07 22:00:00
67,2016-01-07 23:00:00
56,2016-01-08 00:00:00
50,2016-01-08 01:00:00
55,2016-01-08 02:00:00
43,2016-01-08 03:00:00
70,2016-01-08 04:00:00
261,2016-01-08 05:00:00
861,2016-01-08 06:00:00
1529,2016-01-08 07:00:00
2406,2016-01-08 08:00:00
2607,2016-01-08 09:00:00
2643,2016-01-08 10:00:00
2375,2016-01-08 11:00:00
2576,2016-01-08 12:00:00
2595,2016-01-08 13:00:00
2252,2016-01-08 14:00:00
2199,2016-01-08 15:00:00
2013,2016-01-08 16:00:00
1074,2016-01-08 17:00:00
581,2016-01-08 18:00:00
253,2016-01-08 19:00:00
147,2016-01-08 20:00:00
84,2016-01-08 21:00:00
77,2016-01-08 22:00:00
60,2016-01-08 23:00:00
51,2016-01-09 00:00:00
51,2016-01-09 01:00:00
49,2016-01-09 02:00:00
47,2016-01-09 03:00:00
70,2016-01-09 04:00:00
168,2016-01-09 05:00:00
588,2016-01-09 06:00:00
1233,2016-01-09 07:00:00
1724,2016-01-09 08:00:00
1915,2016-01-09 09:00:00
1800,2016-01-09 10:00:00
1589,2016-01-09 11:00:00
1838,2016-01-09 12:00:00
1734,2016-01-09 13:00:00
1681,2016-01-09 14:00:00
1468,2016-01-09 15:00:00
1550,2016-01-09 16:00:00
630,2016-01-09 17:00:00
420,2016-01-09 18:00:00
207,2016-01-09 19:00:00
212,2016-01-09 20:00:00
73,2016-01-09 21:00:00
69,2016-01-09 22:00:00
66,2016-01-09 23:00:00
41,2016-01-10 00:00:00
40,2016-01-10 01:00:00
38,2016-01-10 02:00:00
41,2016-01-10 03:00:00
41,2016-01-10 04:00:00
78,2016-01-10 05:00:00
289,2016-01-10 06:00:00
392,2016-01-10 07:00:00
74,2016-01-10 08:00:00
79,2016-01-10 09:00:00
91,2016-01-10 10:00:00
100,2016-01-10 11:00:00
267,2016-01-10 12:00:00
258,2016-01-10 13:00:00
92,2016-01-10 14:00:00
86,2016-01-10 15:00:00
395,2016-01-10 16:00:00
120,2016-01-10 17:00:00
122,2016-01-10 18:00:00
120,2016-01-10 19:00:00
97,2016-01-10 20:00:00
57,2016-01-10 21:00:00
49,2016-01-10 22:00:00
50,2016-01-10 23:00:00
42,2016-01-11 00:00:00
41,2016-01-11 01:00:00
43,2016-01-11 02:00:00
42,2016-01-11 03:00:00
50,2016-01-11 04:00:00
96,2016-01-11 05:00:00
130,2016-01-11 06:00:00
603,2016-01-11 07:00:00
313,2016-01-11 08:00:00
71,2016-01-11 09:00:00
84,2016-01-11 10:00:00
94,2016-01-11 11:00:00
94,2016-01-11 12:00:00
86,2016-01-11 13:00:00
79,2016-01-11 14:00:00
77,2016-01-11 15:00:00
300,2016-01-11 16:00:00
208,2016-01-11 17:00:00
189,2016-01-11 18:00:00
109,2016-01-11 19:00:00
68,2016-01-11 20:00:00
63,2016-01-11 21:00:00
52,2016-01-11 22:00:00
45,2016-01-11 23:00:00
51,2016-01-12 00:00:00
40,2016-01-12 01:00:00
49,2016-01-12 02:00:00
38,2016-01-12 03:00:00
64,2016-01-12 04:00:00
219,2016-01-12 05:00:00
586,2016-01-12 06:00:00
1516,2016-01-12 07:00:00
2032,2016-01-12 08:00:00
2692,2016-01-12 09:00:00
2731,2016-01-12 10:00:00
2732,2016-01-12 11:00:00
2668,2016-01-12 12:00:00
2687,2016-01-12 13:00:00
2675,2016-01-12 14:00:00
2639,2016-01-12 15:00:00
1887,2016-01-12 16:00:00
1371,2016-01-12 17:00:00
560,2016-01-12 18:00:00
227,2016-01-12 19:00:00
128,2016-01-12 20:00:00
106,2016-01-12 21:00:00
93,2016-01-12 22:00:00
79,2016-01-12 23:00:00
87,2016-01-13 00:00:00
89,2016-01-13 01:00:00
81,2016-01-13 02:00:00
41,2016-01-13 03:00:00
73,2016-01-13 04:00:00
287,2016-01-13 05:00:00
944,2016-01-13 06:00:00
1688,2016-01-13 07:00:00
2525,2016-01-13 08:00:00
2741,2016-01-13 09:00:00
2769,2016-01-13 10:00:00
2770,2016-01-13 11:00:00
2672,2016-01-13 12:00:00
2723,2016-01-13 13:00:00
2718,2016-01-13 14:00:00
2655,2016-01-13 15:00:00
2339,2016-01-13 16:00:00
1552,2016-01-13 17:00:00
680,2016-01-13 18:00:00
265,2016-01-13 19:00:00
150,2016-01-13 20:00:00
100,2016-01-13 21:00:00
108,2016-01-13 22:00:00
112,2016-01-13 23:00:00
110,2016-01-14 00:00:00
112,2016-01-14 01:00:00
108,2016-01-14 02:00:00
44,2016-01-14 03:00:00
76,2016-01-14 04:00:00
296,2016-01-14 05:00:00
984,2016-01-14 06:00:00
1782,2016-01-14 07:00:00
2538,2016-01-14 08:00:00
2737,2016-01-14 09:00:00
2764,2016-01-14 10:00:00
2751,2016-01-14 11:00:00
2650,2016-01-14 12:00:00
2699,2016-01-14 13:00:00
2694,2016-01-14 14:00:00
2657,2016-01-14 15:00:00
2335,2016-01-14 16:00:00
1526,2016-01-14 17:00:00
602,2016-01-14 18:00:00
239,2016-01-14 19:00:00
133,2016-01-14 20:00:00
102,2016-01-14 21:00:00
101,2016-01-14 22:00:00
114,2016-01-14 23:00:00
105,2016-01-15 00:00:00
107,2016-01-15 01:00:00
94,2016-01-15 02:00:00
51,2016-01-15 03:00:00
81,2016-01-15 04:00:00
266,2016-01-15 05:00:00
980,2016-01-15 06:00:00
1753,2016-01-15 07:00:00
2514,2016-01-15 08:00:00
2691,2016-01-15 09:00:00
2729,2016-01-15 10:00:00
2716,2016-01-15 11:00:00
2666,2016-01-15 12:00:00
2698,2016-01-15 13:00:00
2695,2016-01-15 14:00:00
2651,2016-01-15 15:00:00
2318,2016-01-15 16:00:00
1448,2016-01-15 17:00:00
604,2016-01-15 18:00:00
221,2016-01-15 19:00:00
135,2016-01-15 20:00:00
117,2016-01-15 21:00:00
121,2016-01-15 22:00:00
123,2016-01-15 23:00:00
69,2016-01-16 00:00:00
62,2016-01-16 01:00:00
62,2016-01-16 02:00:00
63,2016-01-16 03:00:00
75,2016-01-16 04:00:00
183,2016-01-16 05:00:00
366,2016-01-16 06:00:00
1102,2016-01-16 07:00:00
1275,2016-01-16 08:00:00
1338,2016-01-16 09:00:00
1488,2016-01-16 10:00:00
1490,2016-01-16 11:00:00
1490,2016-01-16 12:00:00
1336,2016-01-16 13:00:00
1438,2016-01-16 14:00:00
1380,2016-01-16 15:00:00
1226,2016-01-16 16:00:00
793,2016-01-16 17:00:00
318,2016-01-16 18:00:00
191,2016-01-16 19:00:00
174,2016-01-16 20:00:00
140,2016-01-16 21:00:00
137,2016-01-16 22:00:00
130,2016-01-16 23:00:00
124,2016-01-17 00:00:00
108,2016-01-17 01:00:00
112,2016-01-17 02:00:00
100,2016-01-17 03:00:00
101,2016-01-17 04:00:00
192,2016-01-17 05:00:00
159,2016-01-17 06:00:00
570,2016-01-17 07:00:00
275,2016-01-17 08:00:00
162,2016-01-17 09:00:00
306,2016-01-17 10:00:00
312,2016-01-17 11:00:00
304,2016-01-17 12:00:00
177,2016-01-17 13:00:00
174,2016-01-17 14:00:00
277,2016-01-17 15:00:00
485,2016-01-17 16:00:00
772,2016-01-17 17:00:00
248,2016-01-17 18:00:00
159,2016-01-17 19:00:00
144,2016-01-17 20:00:00
135,2016-01-17 21:00:00
125,2016-01-17 22:00:00
115,2016-01-17 23:00:00
117,2016-01-18 00:00:00
117,2016-01-18 01:00:00
107,2016-01-18 02:00:00
117,2016-01-18 03:00:00
126,2016-01-18 04:00:00
201,2016-01-18 05:00:00
334,2016-01-18 06:00:00
332,2016-01-18 07:00:00
162,2016-01-18 08:00:00
175,2016-01-18 09:00:00
197,2016-01-18 10:00:00
205,2016-01-18 11:00:00
192,2016-01-18 12:00:00
181,2016-01-18 13:00:00
164,2016-01-18 14:00:00
157,2016-01-18 15:00:00
217,2016-01-18 16:00:00
475,2016-01-18 17:00:00
231,2016-01-18 18:00:00
193,2016-01-18 19:00:00
154,2016-01-18 20:00:00
126,2016-01-18 21:00:00
122,2016-01-18 22:00:00
100,2016-01-18 23:00:00
111,2016-01-19 00:00:00
111,2016-01-19 01:00:00
96,2016-01-19 02:00:00
103,2016-01-19 03:00:00
144,2016-01-19 04:00:00
320,2016-01-19 05:00:00
777,2016-01-19 06:00:00
801,2016-01-19 07:00:00
1302,2016-01-19 08:00:00
1439,2016-01-19 09:00:00
1443,2016-01-19 10:00:00
1464,2016-01-19 11:00:00
1491,2016-01-19 12:00:00
1533,2016-01-19 13:00:00
1531,2016-01-19 14:00:00
1584,2016-01-19 15:00:00
758,2016-01-19 16:00:00
767,2016-01-19 17:00:00
393,2016-01-19 18:00:00
177,2016-01-19 19:00:00
134,2016-01-19 20:00:00
106,2016-01-19 21:00:00
90,2016-01-19 22:00:00
75,2016-01-19 23:00:00
69,2016-01-20 00:00:00
54,2016-01-20 01:00:00
48,2016-01-20 02:00:00
70,2016-01-20 03:00:00
72,2016-01-20 04:00:00
265,2016-01-20 05:00:00
898,2016-01-20 06:00:00
1782,2016-01-20 07:00:00
2348,2016-01-20 08:00:00
2732,2016-01-20 09:00:00
2747,2016-01-20 10:00:00
2737,2016-01-20 11:00:00
2710,2016-01-20 12:00:00
2723,2016-01-20 13:00:00
2716,2016-01-20 14:00:00
2510,2016-01-20 15:00:00
1919,2016-01-20 16:00:00
1471,2016-01-20 17:00:00
708,2016-01-20 18:00:00
205,2016-01-20 19:00:00
144,2016-01-20 20:00:00
109,2016-01-20 21:00:00
85,2016-01-20 22:00:00
86,2016-01-20 23:00:00
61,2016-01-21 00:00:00
57,2016-01-21 01:00:00
44,2016-01-21 02:00:00
58,2016-01-21 03:00:00
73,2016-01-21 04:00:00
252,2016-01-21 05:00:00
801,2016-01-21 06:00:00
1659,2016-01-21 07:00:00
2331,2016-01-21 08:00:00
2736,2016-01-21 09:00:00
2744,2016-01-21 10:00:00
2724,2016-01-21 11:00:00
2678,2016-01-21 12:00:00
2702,2016-01-21 13:00:00
2695,2016-01-21 14:00:00
2637,2016-01-21 15:00:00
2132,2016-01-21 16:00:00
1557,2016-01-21 17:00:00
622,2016-01-21 18:00:00
237,2016-01-21 19:00:00
169,2016-01-21 20:00:00
121,2016-01-21 21:00:00
119,2016-01-21 22:00:00
127,2016-01-21 23:00:00
54,2016-01-22 00:00:00
54,2016-01-22 01:00:00
49,2016-01-22 02:00:00
54,2016-01-22 03:00:00
74,2016-01-22 04:00:00
256,2016-01-22 05:00:00
727,2016-01-22 06:00:00
1496,2016-01-22 07:00:00
2374,2016-01-22 08:00:00
2783,2016-01-22 09:00:00
2803,2016-01-22 10:00:00
2769,2016-01-22 11:00:00
2732,2016-01-22 12:00:00
2738,2016-01-22 13:00:00
2738,2016-01-22 14:00:00
2656,2016-01-22 15:00:00
2098,2016-01-22 16:00:00
1517,2016-01-22 17:00:00
622,2016-01-22 18:00:00
280,2016-01-22 19:00:00
136,2016-01-22 20:00:00
118,2016-01-22 21:00:00
127,2016-01-22 22:00:00
121,2016-01-22 23:00:00
54,2016-01-23 00:00:00
54,2016-01-23 01:00:00
50,2016-01-23 02:00:00
52,2016-01-23 03:00:00
77,2016-01-23 04:00:00
227,2016-01-23 05:00:00
655,2016-01-23 06:00:00
1309,2016-01-23 07:00:00
1699,2016-01-23 08:00:00
1975,2016-01-23 09:00:00
1999,2016-01-23 10:00:00
1932,2016-01-23 11:00:00
1847,2016-01-23 12:00:00
1866,2016-01-23 13:00:00
1728,2016-01-23 14:00:00
1694,2016-01-23 15:00:00
1437,2016-01-23 16:00:00
907,2016-01-23 17:00:00
296,2016-01-23 18:00:00
195,2016-01-23 19:00:00
141,2016-01-23 20:00:00
107,2016-01-23 21:00:00
90,2016-01-23 22:00:00
98,2016-01-23 23:00:00
82,2016-01-24 00:00:00
82,2016-01-24 01:00:00
74,2016-01-24 02:00:00
81,2016-01-24 03:00:00
89,2016-01-24 04:00:00
91,2016-01-24 05:00:00
50,2016-01-24 06:00:00
657,2016-01-24 07:00:00
241,2016-01-24 08:00:00
72,2016-01-24 09:00:00
79,2016-01-24 10:00:00
81,2016-01-24 11:00:00
83,2016-01-24 12:00:00
354,2016-01-24 13:00:00
91,2016-01-24 14:00:00
339,2016-01-24 15:00:00
749,2016-01-24 16:00:00
536,2016-01-24 17:00:00
68,2016-01-24 18:00:00
117,2016-01-24 19:00:00
73,2016-01-24 20:00:00
64,2016-01-24 21:00:00
54,2016-01-24 22:00:00
75,2016-01-24 23:00:00
53,2016-01-25 00:00:00
49,2016-01-25 01:00:00
50,2016-01-25 02:00:00
64,2016-01-25 03:00:00
61,2016-01-25 04:00:00
103,2016-01-25 05:00:00
260,2016-01-25 06:00:00
240,2016-01-25 07:00:00
72,2016-01-25 08:00:00
90,2016-01-25 09:00:00
108,2016-01-25 10:00:00
121,2016-01-25 11:00:00
122,2016-01-25 12:00:00
102,2016-01-25 13:00:00
95,2016-01-25 14:00:00
90,2016-01-25 15:00:00
306,2016-01-25 16:00:00
661,2016-01-25 17:00:00
62,2016-01-25 18:00:00
121,2016-01-25 19:00:00
86,2016-01-25 20:00:00
65,2016-01-25 21:00:00
46,2016-01-25 22:00:00
55,2016-01-25 23:00:00
45,2016-01-26 00:00:00
44,2016-01-26 01:00:00
49,2016-01-26 02:00:00
50,2016-01-26 03:00:00
79,2016-01-26 04:00:00
249,2016-01-26 05:00:00
791,2016-01-26 06:00:00
1227,2016-01-26 07:00:00
2432,2016-01-26 08:00:00
2791,2016-01-26 09:00:00
2810,2016-01-26 10:00:00
2800,2016-01-26 11:00:00
2728,2016-01-26 12:00:00
2764,2016-01-26 13:00:00
2771,2016-01-26 14:00:00
2445,2016-01-26 15:00:00
1674,2016-01-26 16:00:00
1406,2016-01-26 17:00:00
565,2016-01-26 18:00:00
292,2016-01-26 19:00:00
140,2016-01-26 20:00:00
94,2016-01-26 21:00:00
72,2016-01-26 22:00:00
63,2016-01-26 23:00:00
60,2016-01-27 00:00:00
59,2016-01-27 01:00:00
58,2016-01-27 02:00:00
56,2016-01-27 03:00:00
83,2016-01-27 04:00:00
275,2016-01-27 05:00:00
1105,2016-01-27 06:00:00
1504,2016-01-27 07:00:00
2593,2016-01-27 08:00:00
2756,2016-01-27 09:00:00
2800,2016-01-27 10:00:00
2788,2016-01-27 11:00:00
2726,2016-01-27 12:00:00
2763,2016-01-27 13:00:00
2753,2016-01-27 14:00:00
2674,2016-01-27 15:00:00
2212,2016-01-27 16:00:00
1529,2016-01-27 17:00:00
766,2016-01-27 18:00:00
297,2016-01-27 19:00:00
142,2016-01-27 20:00:00
121,2016-01-27 21:00:00
111,2016-01-27 22:00:00
66,2016-01-27 23:00:00
63,2016-01-28 00:00:00
60,2016-01-28 01:00:00
61,2016-01-28 02:00:00
51,2016-01-28 03:00:00
76,2016-01-28 04:00:00
216,2016-01-28 05:00:00
824,2016-01-28 06:00:00
1720,2016-01-28 07:00:00
2669,2016-01-28 08:00:00
2808,2016-01-28 09:00:00
2836,2016-01-28 10:00:00
2826,2016-01-28 11:00:00
2741,2016-01-28 12:00:00
2775,2016-01-28 13:00:00
2759,2016-01-28 14:00:00
2694,2016-01-28 15:00:00
1981,2016-01-28 16:00:00
1426,2016-01-28 17:00:00
790,2016-01-28 18:00:00
325,2016-01-28 19:00:00
183,2016-01-28 20:00:00
157,2016-01-28 21:00:00
137,2016-01-28 22:00:00
74,2016-01-28 23:00:00
78,2016-01-29 00:00:00
78,2016-01-29 01:00:00
69,2016-01-29 02:00:00
59,2016-01-29 03:00:00
84,2016-01-29 04:00:00
253,2016-01-29 05:00:00
792,2016-01-29 06:00:00
1781,2016-01-29 07:00:00
2635,2016-01-29 08:00:00
2772,2016-01-29 09:00:00
2825,2016-01-29 10:00:00
2822,2016-01-29 11:00:00
2712,2016-01-29 12:00:00
2748,2016-01-29 13:00:00
2741,2016-01-29 14:00:00
2669,2016-01-29 15:00:00
1952,2016-01-29 16:00:00
1450,2016-01-29 17:00:00
760,2016-01-29 18:00:00
300,2016-01-29 19:00:00
179,2016-01-29 20:00:00
152,2016-01-29 21:00:00
92,2016-01-29 22:00:00
69,2016-01-29 23:00:00
68,2016-01-30 00:00:00
63,2016-01-30 01:00:00
70,2016-01-30 02:00:00
65,2016-01-30 03:00:00
80,2016-01-30 04:00:00
196,2016-01-30 05:00:00
522,2016-01-30 06:00:00
1407,2016-01-30 07:00:00
1933,2016-01-30 08:00:00
1965,2016-01-30 09:00:00
2020,2016-01-30 10:00:00
2018,2016-01-30 11:00:00
1902,2016-01-30 12:00:00
1744,2016-01-30 13:00:00
1701,2016-01-30 14:00:00
1492,2016-01-30 15:00:00
1978,2016-01-30 16:00:00
763,2016-01-30 17:00:00
485,2016-01-30 18:00:00
180,2016-01-30 19:00:00
129,2016-01-30 20:00:00
111,2016-01-30 21:00:00
88,2016-01-30 22:00:00
80,2016-01-30 23:00:00
83,2016-01-31 00:00:00
79,2016-01-31 01:00:00
84,2016-01-31 02:00:00
72,2016-01-31 03:00:00
85,2016-01-31 04:00:00
64,2016-01-31 05:00:00
268,2016-01-31 06:00:00
383,2016-01-31 07:00:00
261,2016-01-31 08:00:00
90,2016-01-31 09:00:00
94,2016-01-31 10:00:00
98,2016-01-31 11:00:00
101,2016-01-31 12:00:00
102,2016-01-31 13:00:00
258,2016-01-31 14:00:00
232,2016-01-31 15:00:00
616,2016-01-31 16:00:00
268,2016-01-31 17:00:00
188,2016-01-31 18:00:00
90,2016-01-31 19:00:00
65,2016-01-31 20:00:00
85,2016-01-31 21:00:00
78,2016-01-31 22:00:00
56,2016-01-31 23:00:00
